Street Name,Low Range,High Range,Side,,Ward
ABERDEEN RD,19,55,O,07208,4
ABERDEEN RD,24,42,E,07208,4
ACME ST,116,152,E,07202,3
ACME ST,123,149,O,07202,3
ADAMS AVE,468,484,E,07201,5
ADAMS AVE,501,661,O,07201,5
ADAMS AVE,510,598,E,07201,5
ADAMS AVE,600,854,E,07201,5
ADAMS AVE,709,1037,O,07201,5
ADAMS AVE,910,1042,E,07201,5
ALGONQUIN PL,6,30,E,07208,4
ALGONQUIN PL,17,25,O,07208,4
ALINA ST,1026,1030,E,07201,5
ALINA ST,1027,1053,O,07201,5
ALINA ST,1048,1058,E,07201,5
ALINA ST,1068,1090,E,07201,5
ALINA ST,1091,1091,O,07201,5
ALINA ST,1109,1109,O,07201,5
ALINA ST,1110,1142,E,07201,5
ALINA ST,1257,1321,O,07208,4
ALINA ST,1325,1381,O,07208,4
ALINA ST,1348,1382,E,07208,4
ALLEN ST,416,440,E,07202,2
ALLEN ST,713,863,O,07202,2
ALTON ST,116,1188,E,07202,3
ALTON ST,119,131,O,07202,3
AMBOY AVE,645,663,O,07202,2
AMITY ST,9,235,O,07202,6
AMITY ST,10,232,E,07202,6
AMITY ST,303,423,O,07202,6
AMITY ST,310,428,E,07202,6
ANNA ST,813,819,O,07201,5
ANNA ST,821,829,O,07201,5
ANNA ST,831,955,O,07201,5
ANNA ST,864,954,E,07201,5
ANNA ST,1009,1039,O,07201,5
ANNA ST,1010,1038,E,07201,5
ANNA ST,1050,1116,E,07201,5
ANNA ST,1051,1161,O,07201,5
ANNA ST,1140,1158,E,07201,5
APPLEGATE AVE,1036,1140,E,07202,2
APPLEGATE AVE,1037,1131,O,07202,2
ARNETT ST,601,635,O,07202,2
ATALANTA PLZ,1,1,O,07206,1
ATLANTIC ST,11,329,O,07206,1
ATLANTIC ST,12,330,E,07206,1
AUGUSTA ST,1008,1030,E,07201,5
AUGUSTA ST,1009,1033,O,07201,5
BAILEY AVE,611,635,O,07208,3
BAILEY AVE,612,650,E,07208,3
BAILEY AVE,701,767,O,07208,3
BAILEY AVE,704,856,E,07208,3
BAILEY AVE,771,857,O,07208,3
BAKER PL,611,615,O,07208,3
BALDWIN PL,59,65,O,07208,3
BANK ST,18,72,E,07201,6
BANK ST,21,43,O,07201,6
BARNARD PL,1,29,O,07208,4
BARNARD PL,16,32,E,07208,4
BAUER TER,40,40,E,07208,4
BAYWAY AVE,21,545,O,07202,2
BAYWAY AVE,520,562,E,07202,2
BAYWAY AVE,633,633,O,07202,2
BAYWAY AVE,714,848,E,07202,2
BAYWAY AVE,721,731,O,07202,2
BAYWAY AVE,803,805,O,07202,2
BAYWAY AVE,807,843,O,07202,2
BAYWAY CIR,853,865,O,07202,2
BELLEVUE ST,5,23,O,07202,2
BELLEVUE ST,10,28,E,07202,2
BELLEVUE ST,36,50,E,07202,2
BELLEVUE ST,41,51,O,07202,2
BELLEVUE ST,131,145,O,07202,3
BELLEVUE ST,136,154,E,07202,3
BELLEVUE ST,164,174,E,07202,3
BELLEVUE ST,165,173,O,07202,3
BELLEVUE ST,186,192,E,07202,3
BELLEVUE ST,187,193,O,07202,3
BELLWOOD PL,14,44,E,07208,3
BELLWOOD PL,27,43,O,07208,3
BERKELEY PL,9,13,O,07208,3
BERKELEY PL,10,18,E,07208,3
BERWICK ST,117,143,O,07202,3
BERWICK ST,120,138,E,07202,3
BOND ST,67,83,O,07206,1
BOND ST,68,78,E,07206,1
BOND ST,100,162,E,07206,1
BOND ST,101,163,O,07206,1
BOND ST,210,254,E,07206,1
BOND ST,213,255,O,07206,1
BOND ST,307,339,O,07206,1
BOND ST,308,338,E,07206,1
BOND ST,502,562,E,07206,5
BOND ST,513,563,O,07206,5
BOND ST,612,618,E,07206,5
BOND ST,620,620,E,07206,5
BOND ST,805,955,O,07201,5
BOND ST,852,942,E,07201,5
BOND ST,1009,1039,O,07201,5
BOND ST,1012,1046,E,07201,5
BOND ST,1050,1086,E,07201,5
BOND ST,1051,1081,O,07201,5
BONNETT ST,707,727,O,07202,2
BOUDINOT PL,1008,1048,E,07201,5
BOUDINOT PL,1021,1029,O,07201,5
BOXWOOD CT,329,343,O,07202,6
BOXWOOD CT,334,342,E,07202,6
BOYLE PL,9,27,O,07202,2
BOYLE PL,10,26,E,07202,2
BRITTON ST,600,626,E,07202,2
BRITTON ST,601,627,O,07202,2
BRITTON ST,628,640,E,07202,2
BRITTON ST,629,641,O,07202,2
BROAD ST,5,99,O,07201,6
BROAD ST,6,6,E,07201,6
BROAD ST,56,64,E,07201,6
BROAD ST,90,90,E,07201,6
BROAD ST,100,140,E,07201,5
BROAD ST,101,233,O,07201,5
BROAD ST,202,210,E,07201,4
BROADWAY,63,155,O,07206,1
BROADWAY,106,160,E,07206,1
BROADWAY,253,259,O,07206,1
BROADWAY,308,334,E,07206,1
BROADWAY,335,335,O,07206,1
BROADWAY,342,454,E,07206,1
BROADWAY,456,456,E,07206,1
BROADWAY,508,548,E,07206,1
BROADWAY,509,521,O,07206,5
BROWNING AVE,100,100,E,07208,3
BROWNING AVE,127,137,O,07208,3
BROWNING AVE,150,240,E,07208,3
BROWNING AVE,165,247,O,07208,3
BRUNSWICK AVE,764,764,E,07202,2
BRUNSWICK AVE,766,768,E,07202,2
BURNET ST,112,146,E,07202,2
BURNHAM RD,508,530,E,07202,2
BURNHAM RD,509,531,O,07202,2
BUTLER ST,9,73,O,07206,1
BYRON AVE,966,1114,E,07208,3
BYRON AVE,973,1119,O,07208,3
CANTON ST,701,743,O,07202,3
CANTON ST,708,820,E,07202,3
CANTON ST,749,819,O,07202,3
CARLTON ST,715,725,O,07202,2
CARLTON ST,716,720,E,07202,2
CAROLYNN RD,5,39,O,07201,5
CAROLYNN RD,12,26,E,07201,5
CARRINGTON ST,1310,1318,E,07208,4
CARRINGTON ST,1311,1319,O,07208,4
CARRINGTON ST,1334,1334,E,07208,4
CARTERET ST,619,663,O,07202,2
CATHERINE ST,7,39,O,07201,6
CATHERINE ST,14,36,E,07201,6
CATHERINE ST,110,140,E,07201,5
CATHERINE ST,115,143,O,07201,5
CATHERINE ST,152,184,E,07201,5
CATHERINE ST,157,217,O,07201,5
CATHERINE ST,408,452,E,07201,5
CATHERINE ST,409,495,O,07201,5
CEDAR AVE,10,38,E,07202,2
CEDAR AVE,11,17,O,07202,2
CEDAR AVE,700,700,E,07202,2
CEDAR AVE,708,764,E,07202,2
CEDAR AVE,709,765,O,07202,2
CENTRE ST,9,223,O,07202,6
CENTRE ST,10,232,E,07202,6
CENTRE ST,231,231,O,07202,6
CENTRE ST,301,339,O,07202,6
CENTRE ST,308,410,E,07202,6
CHANCELLOR ST,760,808,E,07202,3
CHANCELLOR ST,803,809,O,07202,3
CHERRY ST,10,10,E,07202,6
CHERRY ST,11,11,O,07202,6
CHERRY ST,32,34,E,07202,6
CHERRY ST,33,135,O,07202,6
CHERRY ST,50,60,E,07202,6
CHERRY ST,64,64,E,07202,6
CHERRY ST,108,134,E,07202,3
CHERRY ST,252,256,E,07208,3
CHERRY ST,253,259,O,07208,4
CHERRY ST,263,263,O,07208,4
CHERRY ST,300,300,E,07208,4
CHERRY ST,303,363,O,07208,4
CHERRY ST,324,364,E,07208,4
CHERRY ST,404,426,E,07208,4
CHERRY ST,415,591,O,07208,4
CHERRY ST,436,576,E,07208,3
CHESTNUT ST,1117,1127,O,07201,5
CHESTNUT ST,1145,1203,O,07201,5
CHESTNUT ST,1170,1182,E,07201,5
CHETWOOD ST,601,629,O,07202,2
CHETWOOD ST,604,628,E,07202,2
CHILTON HALL,127,147,O,07202,3
CHILTON HALL,128,146,E,07202,3
CHILTON ST,12,26,E,07202,6
CHILTON ST,17,47,O,07202,6
CHILTON ST,32,70,E,07202,6
CHILTON ST,112,130,E,07202,3
CHILTON ST,115,155,O,07202,3
CHILTON ST,132,198,E,07202,3
CHILTON ST,200,224,E,07208,3
CHILTON ST,221,235,O,07208,3
CHILTON ST,310,430,E,07208,3
CHILTON ST,311,347,O,07208,4
CHILTON ST,403,417,O,07208,4
CHILTON ST,502,554,E,07208,3
CHILTON ST,515,565,O,07208,3
CHRISTINE ST,7,25,O,07202,6
CHRISTINE ST,12,234,E,07202,6
CHRISTINE ST,300,338,E,07202,6
CHRISTINE ST,311,331,O,07202,6
CLAREMONT TER,100,104,E,07202,3
CLAREMONT TER,101,103,O,07202,3
CLARK PL,100,154,E,07206,1
CLARK PL,111,155,O,07206,1
CLARK PL,206,298,E,07206,1
CLARK PL,209,259,O,07206,1
CLARK PL,300,340,E,07206,1
CLARKSON AVE,400,564,E,07202,6
CLARKSON AVE,411,599,O,07202,2
CLARKSON AVE,600,618,E,07202,2
CLARKSON AVE,601,631,O,07202,2
CLARKSON AVE,622,630,E,07202,2
CLARKSON AVE,666,716,E,07202,2
CLARKSON AVE,709,725,O,07202,2
CLEVELAND AVE,612,770,E,07208,3
CLEVELAND AVE,613,653,O,07208,3
CLEVELAND AVE,707,853,O,07208,3
CLEVELAND AVE,812,852,E,07208,3
CLIFTON ST,500,514,E,07202,2
CLINTON PL,1238,1280,E,07208,4
CLINTON PL,1241,1279,O,07208,4
CLOVER ST,2,20,E,07202,2
CLOVER ST,11,83,O,07202,2
CLOVER ST,68,84,E,07202,2
COAKLEY CIR,2,12,E,07201,5
COLONIA RD,803,867,O,07208,3
COLONIA RD,832,902,E,07208,3
COLONIA RD,875,875,O,07208,3
COLONIA RD,883,929,O,07208,3
COMMUNITY LA,116,188,E,07206,1
COMMUNITY LA,119,137,O,07206,1
COMMUNITY LA,161,179,O,07206,1
COMMUNITY LA,216,216,E,07206,1
CONCORD PL,1400,1452,E,07208,4
CONCORD PL,1401,1453,O,07208,4
COOLIDGE RD,951,1149,O,07208,3
COOLIDGE RD,964,964,E,07208,3
COOLIDGE RD,970,1152,E,07208,3
COUNTRY CLUB LA,2,36,E,07208,4
COUNTRY CLUB LA,3,35,O,07208,4
COURT ST,66,90,E,07206,1
COURT ST,67,91,O,07206,1
COURT ST,106,154,E,07206,1
COURT ST,109,163,O,07206,1
COURT ST,215,255,O,07206,1
COURT ST,254,254,E,07206,1
COURT ST,300,338,E,07206,1
COURT ST,307,337,O,07206,1
COURT ST,479,661,O,07206,5
COURT ST,518,670,E,07206,5
CRAWFORD PL,232,252,E,07208,3
CRAWFORD PL,235,245,O,07208,3
CROSS AVE,813,949,O,07208,4
CROSS AVE,818,950,E,07208,4
CROSS AVE,1000,1112,E,07208,4
CROSS AVE,1005,1129,O,07208,4
CROSS ST,828,862,E,07201,6
CROSS ST,841,867,O,07201,6
CROSS ST,945,945,O,07201,6
DAYTON ST,3,7,O,07202,2
DAYTON ST,6,30,E,07202,2
DAYTON ST,9,27,O,07202,2
DAYTON ST,31,85,O,07202,2
DAYTON ST,32,88,E,07202,2
DE HART PL,6,82,E,07202,6
DE HART PL,11,31,O,07202,6
DE HART PL,33,59,O,07202,6
DE HART PL,61,77,O,07202,6
DE HART PL,111,111,O,07202,3
DE HART PL,125,129,O,07202,3
DE HART PL,126,128,E,07202,3
DE HART PL,132,158,E,07202,3
DE HART PL,137,153,O,07202,3
DE HART PL,944,966,E,07202,2
DE HART PL,986,998,E,07202,6
DE HART PL,995,997,O,07202,6
DE WITT RD,1,43,O,07208,4
DE WITT RD,36,42,E,07208,4
DECKER AVE,1,41,O,07208,3
DECKER AVE,8,38,E,07208,3
DELAWARE ST,10,238,E,07206,1
DELAWARE ST,11,237,O,07206,1
DENMAN PL,14,28,E,07208,4
DENMAN PL,15,19,O,07208,4
DEVINE AVE,619,647,O,07202,2
DEVINE AVE,632,644,E,07202,2
DEWEY PL,1036,1074,E,07202,2
DEWEY PL,1041,1087,O,07202,2
DEWEY PL,1078,1092,E,07202,2
DICKINSON ST,1112,1124,E,07201,6
DICKINSON ST,1173,1173,O,07201,6
DIVISION ST,60,88,E,07201,6
DIVISION ST,69,95,O,07201,6
DIVISION ST,101,127,O,07201,1
DIVISION ST,118,118,E,07201,6
DONALD PL,11,17,O,07208,3
DONALD PL,12,22,E,07208,3
DOYLE ST,308,438,E,07206,1
DOYLE ST,315,437,O,07206,2
DURANT ST,1246,1252,E,07208,4
DURANT ST,1351,1361,O,07208,4
E BROAD ST,97,97,O,07201,5
E BROAD ST,1156,1158,E,07201,5
E BROAD ST,1173,1181,O,07201,5
E BROAD ST,1211,1211,O,07201,5
E GRAND ST,854,954,E,07201,5
E GRAND ST,905,953,O,07201,5
E GRAND ST,1000,1000,E,07201,5
E GRAND ST,1006,1170,E,07201,5
E GRAND ST,1019,1153,O,07201,5
E JERSEY ST,62,162,E,07206,1
E JERSEY ST,67,163,O,07206,1
E JERSEY ST,200,250,E,07206,1
E JERSEY ST,201,225,O,07206,1
E JERSEY ST,300,324,E,07206,1
E JERSEY ST,313,333,O,07206,1
E JERSEY ST,400,460,E,07206,1
E JERSEY ST,401,455,O,07206,1
E JERSEY ST,457,499,O,07206,1
E JERSEY ST,462,562,E,07206,1
E JERSEY ST,501,563,O,07206,1
E JERSEY ST,600,600,E,07206,1
E JERSEY ST,601,725,O,07206,1
E JERSEY ST,620,654,E,07206,6
E JERSEY ST,700,714,E,07201,6
E JERSEY ST,800,898,E,07201,6
E JERSEY ST,801,999,O,07201,6
E JERSEY ST,900,1162,E,07201,6
E JERSEY ST,1001,1167,O,07201,5
EATON ST,728,762,E,07202,2
EATON ST,729,763,O,07202,2
EDGAR PL,202,228,E,07202,3
EDGAR PL,213,251,O,07202,3
EDGAR PL,234,246,E,07202,3
EDGAR RD,428,444,E,07202,2
EDGAR RD,441,747,O,07202,2
EDGAR RD,512,548,E,07202,2
EDGAR RD,718,740,E,07202,2
EDGEWOOD RD,909,1129,O,07208,3
EDGEWOOD RD,910,1132,E,07208,3
ELIZABETH AVE,1,1,O,07206,1
ELIZABETH AVE,32,32,E,07206,1
ELIZABETH AVE,61,161,O,07206,1
ELIZABETH AVE,78,78,E,07206,1
ELIZABETH AVE,152,222,E,07206,1
ELIZABETH AVE,205,263,O,07206,1
ELIZABETH AVE,250,330,E,07206,1
ELIZABETH AVE,301,339,O,07206,1
ELIZABETH AVE,400,450,E,07206,1
ELIZABETH AVE,401,451,O,07206,1
ELIZABETH AVE,452,498,E,07206,1
ELIZABETH AVE,459,499,O,07206,1
ELIZABETH AVE,500,562,E,07206,6
ELIZABETH AVE,501,563,O,07206,1
ELIZABETH AVE,601,617,O,07206,6
ELIZABETH AVE,612,658,E,07206,6
ELIZABETH AVE,621,699,O,07206,6
ELIZABETH AVE,701,709,O,07201,6
ELIZABETH AVE,801,871,O,07201,6
ELIZABETH AVE,824,862,E,07201,6
ELIZABETH AVE,873,915,O,07201,6
ELIZABETH AVE,908,932,E,07201,6
ELIZABETH AVE,917,931,O,07201,6
ELIZABETH AVE,933,1185,O,07201,6
ELIZABETH AVE,934,1182,E,07201,6
ELIZABETHTOWN PLZ,15,15,O,07207,6
ELM CT,210,224,E,07208,3
ELM CT,211,225,O,07208,3
ELM ST,1,1,O,07208,4
ELM ST,8,168,E,07208,4
ELM ST,15,57,O,07208,4
ELM ST,109,185,O,07208,3
ELMORA AVE,9,29,O,07202,2
ELMORA AVE,20,24,E,07202,2
ELMORA AVE,26,30,E,07202,2
ELMORA AVE,32,96,E,07202,2
ELMORA AVE,59,87,O,07202,2
ELMORA AVE,100,116,E,07202,3
ELMORA AVE,109,117,O,07202,3
ELMORA AVE,130,158,E,07202,3
ELMORA AVE,147,181,O,07202,3
ELMORA AVE,170,170,E,07202,3
ELMORA AVE,183,185,O,07202,3
ELMORA AVE,320,320,E,07208,3
ELMORA AVE,321,449,O,07208,3
ELMORA AVE,338,412,E,07208,3
ELMORA AVE,422,454,E,07208,3
ELMWOOD PL,11,35,O,07208,4
ELMWOOD PL,12,34,E,07208,4
ELY ST,108,126,E,07202,2
ELY ST,109,127,O,07202,2
EMERSON AVE,605,625,O,07208,3
EMERSON AVE,606,630,E,07208,3
EMERSON AVE,700,850,E,07208,3
EMERSON AVE,701,847,O,07208,3
EMMA ST,908,950,E,07201,5
EMMA ST,911,947,O,07201,5
EMMA ST,1006,1038,E,07201,5
EMMA ST,1009,1039,O,07201,5
ERICO AVE,406,508,E,07202,2
ERICO AVE,421,505,O,07202,2
ERIE ST,10,236,E,07206,1
ERIE ST,11,239,O,07206,1
EUGENIA PL,726,742,E,07202,2
FAIRBANKS ST,743,765,O,07202,2
FAIRBANKS ST,746,766,E,07202,2
FAIRMOUNT AVE,1008,1008,E,07201,5
FAIRMOUNT AVE,1009,1013,O,07201,5
FAIRMOUNT AVE,1012,1068,E,07201,5
FAIRMOUNT AVE,1019,1019,O,07201,5
FAIRMOUNT AVE,1029,1029,O,07201,5
FAIRMOUNT AVE,1035,1035,O,07201,5
FAIRMOUNT AVE,1041,1051,O,07201,5
FAIRMOUNT AVE,1085,1085,O,07201,5
FAIRMOUNT AVE,1109,1149,O,07201,5
FAIRMOUNT AVE,1110,1152,E,07201,5
FAIRMOUNT AVE,1200,1224,E,07208,4
FAIRMOUNT AVE,1201,1203,O,07208,4
FAIRMOUNT AVE,1205,1227,O,07208,4
FANNY ST,1001,1039,O,07201,5
FANNY ST,1004,1036,E,07201,5
FANNY ST,1040,1058,E,07201,5
FANNY ST,1049,1059,O,07201,5
FANNY ST,1061,1095,O,07201,5
FANNY ST,1070,1070,E,07201,5
FANNY ST,1107,1135,O,07201,5
FAY AVE,313,353,O,07202,6
FAY AVE,320,364,E,07202,6
FAY AVE,402,448,E,07202,2
FAY AVE,409,453,O,07202,2
FAY AVE,450,476,E,07202,2
FAY AVE,455,479,O,07202,2
FAY AVE,700,768,E,07202,2
FAY AVE,701,771,O,07202,2
FERN PL,445,447,O,07202,2
FERNWOOD TER,11,69,O,07208,3
FERNWOOD TER,16,16,E,07208,3
FERNWOOD TER,30,30,E,07208,3
FIFTH AVE,415,417,O,07206,1
FIFTH AVE,475,475,O,07206,2
FIFTH AVE,500,500,E,07202,6
FIFTH AVE,507,507,O,07202,6
FIFTH AVE,511,511,O,07202,6
FIFTH AVE,530,530,E,07202,6
FIFTH ST,9,13,O,07206,1
FIFTH ST,10,16,E,07206,6
FIFTH ST,28,50,E,07206,1
FIFTH ST,33,73,O,07206,1
FIFTH ST,74,78,E,07206,1
FIFTH ST,80,134,E,07206,1
FIFTH ST,87,135,O,07206,1
FIFTH ST,136,208,E,07206,5
FIRST AVE,246,412,E,07206,1
FIRST AVE,401,463,O,07206,1
FIRST AVE,440,454,E,07206,2
FIRST AVE,465,563,O,07206,6
FIRST AVE,500,514,E,07206,6
FIRST AVE,520,572,E,07206,6
FIRST AVE,602,698,E,07206,6
FIRST AVE,607,655,O,07206,6
FIRST AVE,700,808,E,07201,6
FIRST ST,2,32,E,07206,1
FIRST ST,59,65,O,07206,1
FIRST ST,80,182,E,07206,1
FIRST ST,81,139,O,07206,1
FIRST ST,141,147,O,07206,1
FIRST ST,171,239,O,07206,1
FIRST ST,200,208,E,07206,1
FIRST ST,210,230,E,07206,1
FIRST ST,241,247,O,07206,1
FIRST ST,246,246,E,07206,1
FIRST ST,264,314,E,07206,1
FLORA ST,460,460,E,07201,5
FLORA ST,861,955,O,07201,5
FLORA ST,866,956,E,07201,5
FLORA ST,1007,1039,O,07201,5
FLORA ST,1008,1038,E,07201,5
FLORA ST,1056,1056,E,07201,5
FLORAL AVE,606,636,E,07208,3
FLORAL AVE,607,639,O,07208,3
FLORAL AVE,705,855,O,07208,3
FLORAL AVE,706,860,E,07208,3
FLORIDA ST,11,233,O,07206,1
FLORIDA ST,18,238,E,07206,1
FOURTH AVE,435,435,O,07206,2
FOURTH AVE,440,468,E,07206,2
FOURTH AVE,441,469,O,07206,2
FOURTH AVE,504,574,E,07202,6
FOURTH AVE,507,575,O,07202,6
FOURTH AVE,600,814,E,07202,6
FOURTH AVE,601,847,O,07202,6
FOURTH ST,28,80,E,07206,1
FOURTH ST,82,134,E,07206,1
FRANKLIN ST,106,162,E,07206,1
FRANKLIN ST,107,161,O,07206,1
FRANKLIN ST,209,257,O,07206,1
FRANKLIN ST,210,254,E,07206,1
FRANKLIN ST,303,337,O,07206,1
FRANKLIN ST,308,338,E,07206,1
FRANKLIN ST,408,408,E,07206,1
FRANKLIN ST,409,409,O,07206,1
FRANKLIN ST,410,498,E,07206,1
FRANKLIN ST,411,463,O,07206,1
FRANKLIN ST,500,554,E,07206,1
FRANKLIN ST,501,553,O,07206,1
FRANKLIN ST,604,642,E,07206,6
FRANKLIN ST,609,651,O,07206,6
FRANKLIN ST,660,660,E,07206,6
FREMONT PL,1342,1370,E,07208,4
FREMONT PL,1343,1383,O,07208,4
FRONT ST,90,238,E,07206,1
FRONT ST,149,149,O,07206,1
FULTON ST,73,163,O,07206,1
FULTON ST,108,162,E,07206,1
FULTON ST,200,260,E,07206,1
FULTON ST,209,247,O,07206,1
FULTON ST,304,336,E,07206,1
FULTON ST,309,333,O,07206,1
FULTON ST,408,456,E,07206,1
FULTON ST,409,409,O,07206,1
FULTON ST,411,463,O,07206,1
FULTON ST,465,499,O,07206,1
FULTON ST,500,550,E,07206,1
FULTON ST,501,563,O,07206,1
FULTON ST,600,600,E,07206,6
FULTON ST,601,657,O,07206,6
FULTON ST,606,650,E,07206,6
GALLOPING HILL RD,7,71,O,07208,3
GALLOPING HILL RD,1011,1165,O,07208,3
GARDEN ST,641,641,O,07202,2
GARDEN ST,646,650,E,07202,2
GARDEN ST,671,691,O,07202,2
GARDEN ST,701,727,O,07202,2
GARDEN ST,716,730,E,07202,2
GARDEN ST,732,798,E,07202,2
GARDEN ST,800,862,E,07202,2
GARDEN ST,801,863,O,07202,2
GARDEN ST,932,952,E,07202,2
GARDEN ST,941,949,O,07202,2
GARFIELD PL,1345,1381,O,07208,4
GARFIELD PL,1350,1382,E,07208,4
GEBHARDT AVE,800,850,E,07208,3
GEBHARDT AVE,801,857,O,07208,3
GENERAL KARGE CT,1,19,O,07202,2
GENERAL KARGE CT,2,18,E,07202,2
GENEVA ST,10,230,E,07206,1
GENEVA ST,19,239,O,07206,1
GEORGIAN CT,41,45,O,07208,4
GEORGIAN CT,46,56,E,07208,4
GEORGIAN CT,63,63,O,07208,4
GIBBONS CT,815,855,O,07202,2
GIBBONS CT,824,858,E,07202,2
GIBSON PL,1,9,O,07208,3
GIBSON PL,2,10,E,07208,3
GLENWOOD RD,108,116,E,07208,3
GLENWOOD RD,111,115,O,07208,3
GLENWOOD RD,140,226,E,07208,3
GLENWOOD RD,141,221,O,07208,3
GLIMCHER REALTY WAY,83,83,O,07206,1
GLIMCHER REALTY WAY,100,100,E,07201,1
GREEN ST,501,643,O,07202,2
GREEN ST,604,632,E,07202,2
GRIER AVE,300,356,E,07202,2
GRIER AVE,301,355,O,07202,2
GRIER AVE,400,522,E,07202,2
GRIER AVE,401,403,O,07202,2
GRIER AVE,405,453,O,07202,2
GRIER AVE,455,499,O,07202,2
GRIER AVE,501,527,O,07202,2
GRIER AVE,533,637,O,07202,2
GRIER AVE,534,562,E,07202,2
GRIER AVE,564,640,E,07202,2
GRIER AVE,639,765,O,07202,2
GRIER AVE,700,764,E,07202,2
GROVE ST,6,88,E,07202,2
GROVE ST,11,91,O,07202,6
GROVE ST,105,105,O,07202,3
GROVE ST,110,164,E,07202,3
GROVE ST,139,199,O,07202,3
GROVE ST,265,265,O,07208,3
GROVE ST,611,695,O,07202,2
GROVE ST,640,730,E,07202,2
GROVE ST,713,829,O,07202,2
GROVE ST,732,812,E,07202,2
GROVE ST,814,842,E,07202,2
GROVE ST,831,899,O,07202,2
GROVE ST,900,974,E,07202,2
GROVE ST,901,973,O,07202,2
GROVE ST,1016,1048,E,07202,2
GROVE ST,1017,1053,O,07202,6
HALSTED RD,125,131,O,07208,3
HALSTED RD,128,134,E,07208,3
HALSTED RD,147,237,O,07208,3
HALSTED RD,150,236,E,07208,3
HAMILTON ST,1347,1383,O,07208,4
HAMILTON ST,1348,1382,E,07208,4
HAMPTON PL,1108,1126,E,07201,5
HAMPTON PL,1111,1129,O,07201,5
HAND PL,1131,1147,O,07201,5
HAND PL,1136,1148,E,07201,5
HARBOR FRONT CT,1,13,O,07206,1
HARBOR FRONT CT,2,12,E,07206,1
HARBOR FRONT PLZ,1,21,O,07206,1
HARBOR FRONT PLZ,2,22,E,07206,1
HARBOR FRONT TER,1,23,O,07206,1
HARBOR FRONT TER,2,24,E,07206,1
HARDING RD,934,1148,E,07208,3
HARDING RD,939,1147,O,07208,3
HAYES AVE,1,21,O,07202,2
HAYES AVE,2,24,E,07202,2
HAZARD PL,11,25,O,07208,4
HAZARD PL,14,30,E,07208,4
HENRY ST,420,428,E,07201,5
HENRY ST,449,481,O,07201,5
HENRY ST,468,480,E,07201,5
HIGH ST,5,233,O,07202,6
HIGH ST,10,244,E,07202,6
HIGH ST,308,424,E,07202,6
HIGH ST,309,331,O,07202,6
HIGH ST,409,411,O,07202,6
HIGHLAND AVE,5,51,O,07208,3
HIGHLAND AVE,6,44,E,07208,3
HILLSIDE RD,6,90,E,07208,3
HILLSIDE RD,7,7,O,07208,3
HILLSIDE RD,15,89,O,07208,3
HILLSIDE RD,110,316,E,07208,3
HILLSIDE RD,115,235,O,07208,3
HILLSIDE RD,241,315,O,07208,3
HOPE LA,1,27,O,07206,1
HOPE LA,2,72,E,07206,1
HOPE LA,51,57,O,07206,1
INSLEE PL,108,154,E,07206,1
INSLEE PL,109,155,O,07206,1
INSLEE PL,207,253,O,07206,1
INSLEE PL,208,258,E,07206,1
IRVINGTON AVE,350,574,E,07208,4
IRVINGTON AVE,421,539,O,07208,4
IRVINGTON AVE,541,577,O,07208,4
JACKSON AVE,401,539,O,07201,5
JACKSON AVE,402,486,E,07201,5
JACKSON AVE,500,658,E,07201,5
JACKSON AVE,543,579,O,07201,5
JACKSON AVE,601,659,O,07201,5
JACKSON AVE,700,1016,E,07201,5
JACKSON AVE,701,763,O,07201,5
JACKSON AVE,801,999,O,07201,5
JACKSON AVE,1009,1009,O,07201,5
JAQUES ST,6,34,E,07201,6
JAQUES ST,11,51,O,07201,6
JAQUES ST,38,50,E,07201,6
JAQUES ST,117,147,O,07201,6
JAQUES ST,150,176,E,07201,5
JAQUES ST,153,183,O,07201,5
JEFFERSON AVE,3,3,O,07201,6
JEFFERSON AVE,5,5,O,07201,6
JEFFERSON AVE,8,12,E,07201,6
JEFFERSON AVE,11,41,O,07201,6
JEFFERSON AVE,55,55,O,07201,6
JEFFERSON AVE,113,221,O,07201,5
JEFFERSON AVE,124,140,E,07201,5
JEFFERSON AVE,150,156,E,07201,5
JEFFERSON AVE,309,425,O,07201,5
JEFFERSON AVE,404,476,E,07201,5
JEFFERSON AVE,439,439,O,07201,5
JEFFERSON AVE,465,465,O,07201,5
JEFFERSON AVE,501,597,O,07201,5
JEFFERSON AVE,508,596,E,07201,5
JEFFERSON AVE,601,1051,O,07201,5
JEFFERSON AVE,602,1074,E,07201,5
JERSEY AVE,351,399,O,07202,3
JERSEY AVE,400,418,E,07202,3
JERSEY AVE,401,539,O,07202,3
JERSEY AVE,420,420,E,07202,3
JERSEY AVE,422,546,E,07202,3
JERSEY AVE,700,736,E,07202,3
JERSEY AVE,709,899,O,07202,3
JERSEY AVE,738,862,E,07202,3
JERSEY AVE,900,920,E,07202,3
JERSEY AVE,901,925,O,07202,3
JOHN ST,11,235,O,07202,6
JOHN ST,12,236,E,07202,6
JOHN ST,307,419,O,07202,6
JOHN ST,310,418,E,07202,6
JOHNSON AVE,359,371,O,07202,2
JULIA ST,900,900,E,07201,5
JULIA ST,1007,1079,O,07201,5
JULIA ST,1008,1026,E,07201,5
JULIA ST,1040,1078,E,07201,5
JULIA ST,1080,1090,E,07201,5
JULIA ST,1081,1089,O,07201,5
JULIA ST,1113,1113,O,07201,5
KEATS AVE,153,263,O,07208,3
KEATS AVE,180,248,E,07208,3
KEMPSHALL PL,11,23,O,07208,4
KEMPSHALL PL,14,30,E,07208,4
KENNETH AVE,922,950,E,07202,2
KENNETH AVE,923,957,O,07202,2
KERLYN CT,1,43,O,07202,2
KERLYN CT,4,6,E,07202,2
KERLYN CT,12,36,E,07202,2
KILSYTH RD,811,1067,O,07208,4
KILSYTH RD,812,950,E,07208,4
KILSYTH RD,1002,1062,E,07208,4
KIPLING RD,977,1159,O,07208,3
KIPLING RD,996,1164,E,07208,3
KRAKOW ST,112,120,E,07202,2
LAFAYETTE ST,842,878,E,07201,6
LAFAYETTE ST,847,965,O,07201,5
LAFAYETTE ST,940,960,E,07201,6
LAFAYETTE ST,1003,1089,O,07201,5
LAFAYETTE ST,1018,1082,E,07201,5
LAURA ST,1008,1032,E,07201,5
LAURA ST,1009,1031,O,07201,5
LEXINGTON PL,1401,1465,O,07208,4
LEXINGTON PL,1406,1464,E,07208,4
LIBERTY ST,111,149,O,07202,2
LIDGERWOOD AVE,433,519,O,07202,2
LIDGERWOOD AVE,444,770,E,07202,2
LIDGERWOOD AVE,523,531,O,07202,2
LINCOLN AVE,101,195,O,07208,3
LINCOLN AVE,104,180,E,07208,3
LINCOLN AVE,208,258,E,07208,3
LINCOLN AVE,217,259,O,07208,3
LINDEN AVE,356,364,E,07202,3
LINDEN AVE,400,828,E,07202,2
LINDEN AVE,401,409,O,07202,3
LINDEN AVE,411,541,O,07202,3
LINDEN AVE,543,545,O,07202,3
LINDEN AVE,709,831,O,07202,3
LINDEN ST,411,425,O,07201,5
LINDEN ST,414,428,E,07201,5
LIVINGSTON RD,601,601,O,07208,3
LIVINGSTON RD,607,607,O,07208,3
LIVINGSTON RD,611,747,O,07208,3
LIVINGSTON RD,710,748,E,07208,3
LIVINGSTON RD,802,888,E,07208,3
LIVINGSTON RD,835,835,O,07208,3
LIVINGSTON RD,839,887,O,07208,3
LIVINGSTON ST,68,156,E,07206,1
LIVINGSTON ST,83,169,O,07206,1
LIVINGSTON ST,200,226,E,07206,1
LIVINGSTON ST,309,337,O,07206,1
LIVINGSTON ST,312,332,E,07206,1
LIVINGSTON ST,400,462,E,07206,1
LIVINGSTON ST,409,455,O,07206,1
LIVINGSTON ST,457,499,O,07206,1
LIVINGSTON ST,464,498,E,07206,1
LIVINGSTON ST,500,554,E,07206,1
LIVINGSTON ST,501,561,O,07206,1
LIVINGSTON ST,600,620,E,07206,1
LIVINGSTON ST,621,639,O,07206,1
LIVINGSTON ST,630,630,E,07201,1
LIVINGSTON ST,700,716,E,07201,1
LIVINGSTON ST,711,747,O,07201,1
LIVINGSTON ST,732,740,E,07201,1
LIVINGSTON ST,806,830,E,07201,6
LIVINGSTON ST,844,886,E,07201,5
LOOMIS ST,9,439,O,07206,2
LOOMIS ST,208,436,E,07206,2
LOUISA ST,1000,1000,E,07201,5
LOUISA ST,1003,1017,O,07201,5
LOUISA ST,1010,1034,E,07201,5
LOUISA ST,1021,1059,O,07201,5
LOUISA ST,1040,1048,E,07201,5
LOUISA ST,1067,1091,O,07201,5
LOUISA ST,1068,1068,E,07201,5
LOUISA ST,1090,1090,E,07201,5
LOUISA ST,1100,1148,E,07201,5
LOUISA ST,1109,1149,O,07201,5
LOWDEN ST,1,21,O,07208,4
LOWDEN ST,2,20,E,07208,4
LOWER RD,1352,1438,E,07208,4
LOWER RD,1456,1468,E,07208,4
LT GLENN ZAMORSKI DR,12,238,E,07206,1
LYON PL,14,32,E,07202,6
LYON PL,17,33,O,07202,6
MADISON AVE,110,170,E,07201,5
MADISON AVE,111,135,O,07201,5
MADISON AVE,155,205,O,07201,5
MADISON AVE,314,426,E,07201,5
MADISON AVE,407,471,O,07201,5
MADISON AVE,430,430,E,07201,5
MADISON AVE,500,500,E,07201,5
MADISON AVE,513,595,O,07201,5
MADISON AVE,514,594,E,07201,5
MADISON AVE,606,1102,E,07201,5
MADISON AVE,611,737,O,07201,5
MADISON AVE,817,1127,O,07201,5
MAGIE AVE,407,443,O,07208,3
MAGIE AVE,414,440,E,07208,3
MAGIE AVE,512,552,E,07208,3
MAGIE AVE,513,551,O,07208,3
MAGIE AVE,610,764,E,07208,3
MAGIE AVE,611,627,O,07208,3
MAGIE AVE,631,765,O,07208,3
MAGIE AVE,804,850,E,07208,3
MAGIE AVE,811,839,O,07208,3
MAGIE AVE,853,865,O,07208,3
MAGIE AVE,885,893,O,07208,3
MAGIE AVE,910,1200,E,07208,3
MAGIE AVE,1163,1163,O,07208,3
MAGIE AVE,1224,1316,E,07208,3
MAGNOLIA AVE,68,78,E,07206,1
MAGNOLIA AVE,69,79,O,07206,1
MAGNOLIA AVE,108,160,E,07206,1
MAGNOLIA AVE,117,147,O,07206,1
MAGNOLIA AVE,207,255,O,07206,1
MAGNOLIA AVE,234,258,E,07206,1
MAGNOLIA AVE,305,339,O,07206,1
MAGNOLIA AVE,308,338,E,07206,1
MAGNOLIA AVE,500,658,E,07206,5
MAGNOLIA AVE,501,649,O,07206,5
MAGNOLIA AVE,847,935,O,07201,5
MAGNOLIA AVE,942,944,E,07201,5
MAGNOLIA AVE,1011,1043,O,07201,5
MAGNOLIA AVE,1032,1032,E,07201,5
MAGNOLIA AVE,1049,1115,O,07201,5
MAGNOLIA AVE,1054,1116,E,07201,5
MAGNOLIA AVE,1139,1149,O,07201,5
MAGNOLIA AVE,1162,1162,E,07201,5
MAGNOLIA AVE,1178,1182,E,07201,5
MALDEN TER,1,1,O,07208,4
MALDEN TER,10,20,E,07208,4
MAPLE AVE,400,460,E,07202,2
MAPLE AVE,401,459,O,07202,2
MAPLE AVE,510,678,E,07202,2
MAPLE AVE,511,599,O,07202,2
MAPLE AVE,601,679,O,07202,2
MAPLE AVE,683,685,O,07202,2
MARSHALL ST,50,162,E,07206,1
MARSHALL ST,107,155,O,07206,1
MARSHALL ST,200,252,E,07206,1
MARSHALL ST,201,255,O,07206,1
MARSHALL ST,304,338,E,07206,1
MARSHALL ST,309,337,O,07206,1
MARSHALL ST,401,461,O,07206,1
MARSHALL ST,402,404,E,07206,1
MARSHALL ST,406,460,E,07206,1
MARSHALL ST,462,498,E,07206,1
MARSHALL ST,463,499,O,07206,1
MARSHALL ST,500,562,E,07206,1
MARSHALL ST,501,563,O,07206,1
MARSHALL ST,601,699,O,07206,6
MARSHALL ST,602,656,E,07206,6
MARSHALL ST,701,701,O,07201,6
MARSHALL ST,702,702,E,07201,6
MARTIN ST,802,860,E,07201,6
MARTIN ST,807,867,O,07201,6
MARY ST,1049,1079,O,07201,5
MARY ST,1056,1160,E,07201,5
MARY ST,1081,1099,O,07201,5
MARY ST,1103,1161,O,07201,5
MARY ST,1163,1175,O,07201,4
MARY ST,1174,1184,E,07201,4
MARY ST,1206,1206,E,07201,4
MC KINLEY ST,650,722,E,07202,2
MC KINLEY ST,651,729,O,07202,2
MC LAIN ST,911,931,O,07202,2
MC LAIN ST,912,924,E,07202,2
MEADOW ST,581,595,O,07201,5
MEADOW ST,604,708,E,07201,5
MEADOW ST,605,631,O,07201,5
MELLON PL,209,225,O,07208,3
MELLON PL,210,224,E,07208,3
MELROSE TER,5,31,O,07208,3
MELROSE TER,8,34,E,07208,3
MEREDITH AVE,921,961,O,07202,2
MEREDITH AVE,926,962,E,07202,2
MIGLIORE MNR,1,23,O,07206,1
MIGLIORE MNR,2,24,E,07206,1
MILLER ST,109,141,O,07201,1
MONMOUTH RD,9,37,O,07208,3
MONMOUTH RD,12,40,E,07208,3
MONMOUTH RD,100,168,E,07208,3
MONMOUTH RD,105,249,O,07208,3
MONMOUTH RD,172,250,E,07208,3
MONMOUTH RD,300,410,E,07208,3
MONMOUTH RD,301,397,O,07208,3
MONROE AVE,440,480,E,07201,5
MONROE AVE,441,485,O,07201,5
MONROE AVE,500,598,E,07201,5
MONROE AVE,503,599,O,07201,5
MONROE AVE,600,742,E,07201,5
MONROE AVE,601,855,O,07201,5
MONROE AVE,816,1100,E,07201,5
MONROE AVE,911,1059,O,07201,5
MONTGOMERY PL,359,359,O,07202,6
MONTGOMERY ST,606,670,E,07202,2
MONTGOMERY ST,609,669,O,07202,6
MORRELL ST,19,35,O,07201,6
MORRIS AVE,249,371,O,07208,4
MORRIS AVE,260,376,E,07208,4
MORRIS AVE,404,536,E,07208,4
MORRIS AVE,405,609,O,07208,4
MORRIS AVE,578,578,E,07208,3
MORRISTOWN RD,6,28,E,07208,3
MORRISTOWN RD,15,25,O,07208,3
MORRISTOWN RD,106,170,E,07208,3
MORRISTOWN RD,123,175,O,07208,3
MORSES MILL RD,732,742,E,07202,2
MRAVLAG MNR,1,19,O,07202,2
MRAVLAG MNR,2,20,E,07202,2
MRAVLAG MNR,21,51,O,07202,2
MRAVLAG MNR,22,52,E,07202,2
MSGR KEMEZIS PL,212,242,E,07206,1
MSGR KEMEZIS PL,215,219,O,07206,1
MURIEL PKWY,508,542,E,07208,3
MURIEL PKWY,509,545,O,07208,3
MURRAY ST,103,149,O,07202,6
MURRAY ST,114,146,E,07202,6
MURRAY ST,151,253,O,07202,6
MURRAY ST,210,262,E,07202,6
MURRAY ST,300,356,E,07202,6
MURRAY ST,313,331,O,07202,6
MURRAY ST,411,437,O,07202,2
MURRAY ST,503,743,O,07202,2
MURRAY ST,710,808,E,07202,2
MURRAY ST,745,831,O,07202,2
MURRAY ST,810,812,E,07202,2
MYRTLE ST,529,599,O,07202,2
MYRTLE ST,536,598,E,07202,2
MYRTLE ST,600,656,E,07202,2
MYRTLE ST,601,639,O,07202,2
MYRTLE ST,700,862,E,07202,2
MYRTLE ST,723,863,O,07202,2
N BROAD ST,250,320,E,07208,4
N BROAD ST,259,259,O,07208,5
N BROAD ST,271,271,O,07208,4
N BROAD ST,273,323,O,07208,5
N BROAD ST,414,414,E,07208,4
N BROAD ST,425,425,O,07208,4
N BROAD ST,440,440,E,07208,4
N BROAD ST,455,455,O,07208,4
N BROAD ST,524,524,E,07208,4
N BROAD ST,539,665,O,07208,4
N BROAD ST,630,712,E,07208,4
N BROAD ST,701,781,O,07208,4
N BROAD ST,734,920,E,07208,4
N BROAD ST,801,1015,O,07208,4
N BROAD ST,1019,1019,O,07208,4
N BROAD ST,1025,1025,O,07208,4
NECK LA,1023,1079,O,07201,5
NECK LA,1046,1058,E,07201,5
NECK LA,1068,1084,E,07201,5
NELSON AVE,368,376,E,07202,2
NEW POINT RD,521,525,O,07206,5
NEW POINT RD,606,644,E,07206,1
NEW POINT RD,641,661,O,07206,1
NEW POINT RD,729,729,O,07201,6
NEW YORK AVE,320,352,E,07202,2
NEW YORK AVE,321,323,O,07202,2
NEW YORK AVE,343,363,O,07202,2
NEW YORK AVE,408,520,E,07202,2
NEW YORK AVE,421,513,O,07202,2
NEW YORK AVE,529,529,O,07202,2
NEWARK AVE,553,585,O,07208,4
NEWARK AVE,601,715,O,07208,4
NEWARK AVE,614,650,E,07208,4
NEWARK AVE,700,778,E,07208,4
NEWARK AVE,717,735,O,07208,4
NEWARK AVE,840,860,E,07208,4
NEWARK AVE,963,963,O,07208,4
NEWCOMB PL,8,20,E,07202,2
NEWCOMB PL,9,19,O,07202,2
NILES ST,1,233,O,07202,6
NILES ST,10,234,E,07202,6
NILES ST,307,501,O,07202,6
NILES ST,310,522,E,07202,6
NORTH AVE,14,34,E,07208,4
NORTH AVE,52,52,E,07208,4
NORTH AVE,448,448,E,07208,3
NORTH AVE,463,541,O,07208,3
NORTH AVE,464,464,E,07208,3
NORTH AVE,1003,1037,O,07201,5
NORTH AVE,1006,1018,E,07201,5
NORTH AVE,1020,1058,E,07201,5
NORTH AVE,1039,1059,O,07201,5
NORTH AVE,1060,1096,E,07201,5
NORTH AVE,1061,1079,O,07201,5
NORTH AVE,1100,1138,E,07201,5
NORTH AVE,1300,1302,E,07208,4
NORTH AVE,1304,1380,E,07208,4
NORTH AVE,1317,1339,O,07208,4
NORTH AVE,1341,1381,O,07208,4
NORWOOD TER,608,668,E,07202,6
NORWOOD TER,609,667,O,07202,6
OAK ST,208,212,E,07201,5
OAK ST,238,238,E,07201,5
OAKWOOD PL,1,1,O,07208,4
OAKWOOD PL,9,33,O,07208,4
OAKWOOD PL,12,34,E,07208,4
OGDEN ST,704,762,E,07202,2
OGDEN ST,743,759,O,07202,2
OLD RD,740,764,E,07202,2
OLD RD,743,763,O,07202,2
OLIVE ST,855,957,O,07201,5
OLIVE ST,902,950,E,07201,5
OLIVE ST,1011,1035,O,07201,5
OLIVE ST,1014,1036,E,07201,5
ORCHARD ST,14,168,E,07208,4
ORCHARD ST,19,165,O,07208,4
ORCHARD ST,200,268,E,07208,3
ORCHARD ST,205,267,O,07208,3
PALISADE RD,3,71,O,07208,3
PALISADE RD,6,80,E,07208,3
PALISADE RD,111,231,O,07208,3
PALISADE RD,118,230,E,07208,3
PALISADE RD,301,341,O,07208,3
PALISADE RD,314,324,E,07208,3
PALMER ST,9,233,O,07202,6
PALMER ST,10,240,E,07202,6
PALMER ST,308,408,E,07202,6
PALMER ST,311,329,O,07202,6
PALMER ST,401,401,O,07202,6
PARK AVE,604,652,E,07208,3
PARK AVE,629,745,O,07208,3
PARK AVE,700,976,E,07208,3
PARK AVE,801,891,O,07208,3
PARK AVE,905,1009,O,07208,3
PARK PL,138,166,E,07206,1
PARK VIEW TER,800,830,E,07202,2
PARK VIEW TER,801,825,O,07202,2
PARKER RD,20,32,E,07208,4
PARKER RD,40,72,E,07208,4
PARKER RD,41,81,O,07208,4
PARKER RD,100,150,E,07208,4
PARKER RD,107,141,O,07208,4
PARKER RD,143,243,O,07208,4
PARKER RD,152,230,E,07208,4
PARKER RD,300,316,E,07208,4
PARKER RD,301,305,O,07208,4
PARMALEE PL,232,2410,E,07208,3
PARMALEE PL,235,245,O,07208,3
PEARL ST,236,236,E,07202,6
PEARL ST,311,313,O,07202,6
PEARL ST,325,331,O,07202,6
PEARL ST,600,600,E,07202,6
PEARL ST,641,641,O,07202,6
PEARL ST,714,826,E,07202,2
PEARL ST,745,815,O,07202,6
PENNINGTON ST,315,357,O,07202,3
PENNINGTON ST,316,358,E,07202,3
PENNINGTON ST,401,531,O,07202,3
PENNINGTON ST,426,546,E,07202,3
PENNINGTON ST,533,535,O,07202,3
PENNINGTON ST,704,898,E,07202,3
PENNINGTON ST,711,949,O,07202,3
PENNINGTON ST,900,938,E,07202,3
PENNSYLVANIA AVE,541,571,O,07201,4
PENNSYLVANIA AVE,566,606,E,07201,4
PENNSYLVANIA AVE,608,716,E,07201,4
PENNSYLVANIA AVE,627,629,O,07201,4
PENNSYLVANIA AVE,727,727,O,07201,4
PERSHING AVE,9,27,O,07202,2
PERSHING AVE,10,28,E,07202,2
PERSHING AVE,45,59,O,07202,2
PERSHING AVE,46,60,E,07202,2
PINE ST,39,155,O,07206,1
PINE ST,66,84,E,07206,1
PINE ST,116,134,E,07206,1
PINE ST,208,254,E,07206,1
PINE ST,209,259,O,07206,1
PINE ST,306,350,E,07206,1
PINE ST,309,311,O,07206,1
PINGRY PL,19,27,O,07208,4
PIONEER HOMES,1,55,O,07206,1
PIONEER HOMES,2,56,E,07206,1
POLONIA AVE,708,724,E,07202,2
POLONIA AVE,709,717,O,07202,2
PORT AVE,60,80,E,07206,1
PORT AVE,101,141,O,07206,1
PORT AVE,108,156,E,07206,1
PORT AVE,143,155,O,07206,1
PORT AVE,208,266,E,07206,1
PORT AVE,209,237,O,07206,1
PORT AVE,241,267,O,07206,1
PRINCE ST,34,44,E,07208,4
PRINCE ST,75,75,O,07208,4
PRINCETON RD,6,56,E,07208,3
PRINCETON RD,17,67,O,07208,3
PRINCETON RD,103,163,O,07208,3
PRINCETON RD,114,202,E,07208,3
PROSPECT ST,7,37,O,07201,6
PROSPECT ST,16,44,E,07201,6
PULASKI ST,629,663,O,07202,2
RACE ST,109,161,O,07202,2
RACE ST,110,164,E,07202,2
RAHWAY AVE,215,245,O,07202,6
RAHWAY AVE,216,226,E,07202,6
RAHWAY AVE,301,319,O,07202,6
RAHWAY AVE,326,356,E,07202,6
RAHWAY AVE,345,345,O,07202,6
RAHWAY AVE,414,482,E,07202,2
RAHWAY AVE,419,535,O,07202,2
RAHWAY AVE,702,766,E,07202,2
RAHWAY AVE,713,735,O,07202,2
RAHWAY AVE,737,831,O,07202,2
RAHWAY AVE,768,770,E,07202,2
RAHWAY AVE,830,830,E,07202,2
RANKIN ST,10,238,E,07206,1
RANKIN ST,17,231,O,07206,2
RAYMOND TER,1,55,O,07208,3
RAYMOND TER,14,120,E,07208,3
REBECCA PL,482,852,E,07201,6
REBECCA PL,815,855,O,07201,6
REDCLIFFE ST,300,438,E,07206,2
REDCLIFFE ST,301,439,O,07206,2
REID ST,1,47,O,07201,6
REID ST,2,56,E,07201,6
REID ST,112,146,E,07201,6
REID ST,151,265,O,07201,5
REID ST,156,184,E,07201,5
RICHFORD TER,1037,1141,O,07202,2
RICHMOND ST,434,558,E,07202,2
RICHMOND ST,501,553,O,07202,2
RIPLEY PL,108,154,E,07206,1
RIPLEY PL,121,163,O,07206,1
RIPLEY PL,210,232,E,07206,1
RIPLEY PL,211,265,O,07206,1
RIVERSIDE DR,501,563,O,07208,4
RIVERSIDE DR,502,558,E,07208,4
ROANOKE AVE,819,827,O,07208,4
ROANOKE AVE,820,820,E,07208,4
ROOSEVELT ST,910,924,E,07202,2
ROOSEVELT ST,911,927,O,07202,2
ROSEHILL PL,306,356,E,07202,2
ROSEHILL PL,311,347,O,07202,2
ROSEHILL PL,400,446,E,07202,2
ROSEHILL PL,401,459,O,07202,2
ROSEWOOD PL,14,24,E,07208,4
ROSEWOOD PL,15,23,O,07208,4
RUSSELL PL,410,422,E,07202,2
RUSSELL PL,413,421,O,07202,2
S BROAD ST,227,355,O,07202,2
S BROAD ST,338,508,E,07202,2
S BROAD ST,409,511,O,07202,2
S BROAD ST,513,657,O,07202,2
S BROAD ST,518,598,E,07202,2
S BROAD ST,600,668,E,07202,2
S BROAD ST,740,764,E,07202,2
S BROAD ST,745,765,O,07202,2
S ELMORA AVE,926,926,E,07202,2
S ELMORA AVE,931,943,O,07202,2
S ELMORA AVE,1036,1128,E,07202,2
S ELMORA AVE,1041,1129,O,07202,2
S FIFTH ST,10,434,E,07206,2
S FIFTH ST,13,539,O,07206,6
S FRONT ST,1,5,O,07202,2
S PARK ST,60,154,E,07206,1
S PARK ST,67,155,O,07206,1
S PARK ST,307,339,O,07206,1
S PARK ST,314,338,E,07206,1
S PARK ST,508,724,E,07206,5
S PARK ST,509,509,O,07206,5
S PARK ST,527,699,O,07206,5
S PARK ST,701,743,O,07201,5
S PARK ST,765,765,O,07201,5
S PEARL ST,301,335,O,07202,6
S REID ST,7,29,O,07201,6
S REID ST,10,32,E,07201,6
S SECOND ST,9,239,O,07206,1
S SECOND ST,12,12,E,07206,1
S SECOND ST,18,72,E,07206,1
S SEVENTH ST,10,28,E,07202,6
S SEVENTH ST,15,233,O,07202,6
S SEVENTH ST,38,38,E,07202,6
S SEVENTH ST,308,414,E,07202,6
S SEVENTH ST,309,409,O,07202,6
S SPRING ST,5,21,O,07201,6
S SPRING ST,50,336,E,07201,6
SAILER CT,3,9,O,07201,5
SAILER CT,4,10,E,07201,5
SALEM AVE,610,712,E,07208,4
SALEM AVE,637,703,O,07208,4
SALEM AVE,724,746,E,07208,4
SALEM AVE,735,815,O,07208,4
SALEM PARK,1,639,O,07208,4
SALEM PARK,2,14,E,07208,4
SAYRE ST,10,162,E,07208,4
SAYRE ST,15,163,O,07208,4
SCHILLER ST,408,470,E,07206,1
SCHILLER ST,411,417,O,07206,1
SCOTLAND RD,15,37,O,07208,4
SCOTLAND RD,20,36,E,07208,4
SECOND AVE,202,202,E,07206,1
SECOND AVE,207,207,O,07206,1
SECOND AVE,226,226,E,07206,1
SECOND AVE,244,326,E,07206,1
SECOND AVE,307,307,O,07206,1
SECOND AVE,325,329,O,07206,1
SECOND AVE,428,466,E,07206,2
SECOND AVE,509,509,O,07202,6
SECOND AVE,520,574,E,07202,6
SECOND AVE,549,575,O,07202,6
SECOND AVE,600,852,E,07202,6
SECOND AVE,601,847,O,07202,6
SECOND AVE,900,904,E,07201,6
SECOND ST,7,33,O,07206,1
SECOND ST,30,214,E,07206,1
SECOND ST,59,183,O,07206,1
SECOND ST,201,229,O,07206,1
SECOND ST,216,324,E,07206,1
SECOND ST,233,347,O,07206,1
SEIB AVE,1036,1138,E,07202,2
SEIB AVE,1037,1141,O,07202,2
SEVENTH ST,29,35,O,07201,6
SEVENTH ST,46,52,E,07201,6
SEVENTH ST,61,65,O,07201,6
SEVENTH ST,106,122,E,07201,1
SEVENTH ST,143,187,O,07201,5
SEVENTH ST,146,146,E,07201,5
SHELLEY AVE,151,233,O,07208,3
SHELLEY AVE,168,230,E,07208,3
SHERIDAN AVE,812,1060,E,07208,4
SHERIDAN AVE,837,1123,O,07208,4
SHERIDAN AVE,1100,1120,E,07208,4
SHERIDAN AVE,1132,1132,E,07208,4
SHERMAN AVE,1016,1016,E,07208,4
SIXTH ST,46,52,E,07206,6
SIXTH ST,47,47,O,07206,1
SIXTH ST,87,115,O,07206,1
SIXTH ST,183,183,O,07206,5
SMITH ST,2,52,E,07201,6
SMITH ST,5,49,O,07201,6
SMITH ST,111,145,O,07201,6
SMITH ST,118,146,E,07201,6
SMITH ST,150,168,E,07201,5
SMITH ST,157,169,O,07201,5
SOUTH ST,200,226,E,07202,6
SOUTH ST,209,241,O,07202,6
SOUTH ST,243,321,O,07202,6
SOUTH ST,308,336,E,07202,6
SOUTH ST,323,323,O,07202,6
SOUTH ST,608,658,E,07202,6
SOUTH ST,714,898,E,07202,2
SOUTH ST,725,969,O,07202,2
SOUTH ST,900,932,E,07202,2
SPENCER ST,9,239,O,07202,6
SPENCER ST,10,302,E,07202,6
SPENCER ST,305,531,O,07202,6
SPENCER ST,306,536,E,07202,6
SPOFFORD AVE,920,954,E,07202,2
SPOFFORD AVE,923,951,O,07202,2
SPRING ST,8,26,E,07201,6
SPRING ST,9,39,O,07201,6
SPRING ST,175,403,O,07201,5
SPRING ST,178,216,E,07201,5
SPRING ST,400,400,E,07201,5
SPRING ST,426,530,E,07201,5
SPRING ST,433,433,O,07201,5
SPRING ST,451,523,O,07201,5
SPRING ST,548,550,E,07201,5
SPRING ST,562,564,E,07201,5
SPRING ST,604,908,E,07201,5
SPRING ST,853,853,O,07201,5
SPRINGFIELD RD,13,121,O,07208,3
SPRINGFIELD RD,14,18,E,07208,3
SPRINGFIELD RD,100,164,E,07208,3
SPRINGFIELD RD,123,175,O,07208,3
SPRINGFIELD RD,166,252,E,07208,3
SPRINGFIELD RD,177,215,O,07208,3
SPRINGFIELD RD,231,231,O,07208,3
SPRINGFIELD RD,322,390,E,07208,3
SPRINGFIELD RD,343,343,O,07208,3
STANDISH ST,164,174,E,07202,3
STANDISH ST,167,179,O,07202,3
STANLEY TER,1350,1358,E,07208,4
STANLEY TER,1351,1363,O,07208,4
STANTON AVE,813,941,O,07208,4
STANTON AVE,816,1020,E,07208,4
STANTON AVE,1027,1033,O,07208,4
STATE HIGHWAY 1 & 9,725,725,O,07202,2
STEWART PL,2,18,E,07202,2
STEWART PL,5,21,O,07202,2
STILES ST,14,38,E,07208,4
STILES ST,25,35,O,07208,4
STILES ST,100,326,E,07208,3
STILES ST,117,197,O,07208,3
STILES ST,205,339,O,07208,3
SUMMER ST,584,626,E,07202,2
SUMMER ST,628,662,E,07202,2
SUMMER ST,641,695,O,07202,2
SUMMER ST,664,684,E,07202,2
SUMMER ST,701,813,O,07202,2
SUMMER ST,708,724,E,07202,2
SUMMER ST,800,848,E,07202,2
SUMMER ST,815,849,O,07202,2
SUMMIT RD,2,90,E,07208,3
SUMMIT RD,15,97,O,07208,3
SUMMIT RD,106,112,E,07208,3
SUMMIT RD,111,325,O,07208,3
SUMMIT RD,122,320,E,07208,3
TEMPLETON ARMS,1,5,O,07208,4
TEMPLETON ARMS,2,32,E,07208,4
TEMPLETON ARMS,9,633,O,07208,4
THIRD AVE,209,227,O,07206,1
THIRD AVE,368,418,E,07206,1
THIRD AVE,420,472,E,07206,2
THIRD AVE,425,471,O,07206,2
THIRD AVE,521,575,O,07202,6
THIRD AVE,524,574,E,07202,6
THIRD AVE,601,853,O,07202,6
THIRD AVE,606,856,E,07202,6
THIRD AVE,901,901,O,07201,6
THIRD AVE,902,914,E,07201,6
THIRD ST,6,236,E,07206,1
THIRD ST,7,215,O,07206,1
THIRD ST,217,307,O,07206,1
THIRD ST,260,260,E,07206,1
THIRD ST,444,444,E,07206,1
THOMAS ST,704,760,E,07202,2
THOMAS ST,705,763,O,07202,2
THOMPSON LA,1080,1080,E,07201,6
TRINITY PL,421,431,O,07201,4
TRINITY PL,430,430,E,07201,4
TROTTERS LA,14,60,E,07208,4
TROTTERS LA,509,513,O,07208,4
TROTTERS LA,523,535,O,07208,4
TRUMBULL ST,210,264,E,07206,1
TRUMBULL ST,628,698,E,07206,5
TRUMBULL ST,720,758,E,07201,5
TUDOR CT,4,24,E,07208,4
TUDOR CT,11,19,O,07208,4
UNION AVE,309,485,O,07208,4
UNION AVE,326,326,E,07208,4
UNION AVE,344,344,E,07208,4
UNION AVE,408,618,E,07208,4
UNION AVE,487,725,O,07208,4
UNION AVE,620,678,E,07208,4
UNION ST,245,245,O,07208,4
URSINO PL,4,16,E,07208,4
URSINO PL,5,11,O,07208,4
VAN BUREN AVE,630,658,E,07201,5
VAN BUREN AVE,641,927,O,07201,5
VAN BUREN AVE,708,752,E,07201,5
VAN BUREN AVE,808,962,E,07201,5
VERONA AVE,301,315,O,07208,3
VERONA AVE,302,454,E,07208,3
VERONA AVE,329,451,O,07208,3
VINE ST,208,246,E,07202,6
VINE ST,209,259,O,07202,6
VINE ST,261,351,O,07202,6
VINE ST,310,350,E,07202,6
VINE ST,408,530,E,07202,2
VINE ST,700,828,E,07202,2
VINE ST,733,829,O,07202,2
VIRGINIA ST,1085,1099,O,07201,5
VIRGINIA ST,1108,1116,E,07201,5
VIRGINIA ST,1270,1276,E,07208,4
VIRGINIA ST,1273,1279,O,07208,4
VIRGINIA ST,1301,1345,O,07208,4
VISTA AVE,2,44,E,07208,3
VISTA AVE,9,35,O,07208,3
W END AVE,345,365,O,07202,3
W END AVE,403,519,O,07202,3
W END AVE,406,532,E,07202,3
W END PL,1,441,O,07202,6
W END PL,2,38,E,07202,6
W GRAND ST,7,7,O,07201,4
W GRAND ST,53,55,O,07202,4
W GRAND ST,80,144,E,07202,3
W GRAND ST,101,415,O,07202,3
W GRAND ST,210,450,E,07202,3
W GRAND ST,535,535,O,07202,3
W GRAND ST,752,970,E,07202,3
W JERSEY ST,93,99,O,07202,6
W JERSEY ST,105,337,O,07202,3
W JERSEY ST,110,146,E,07202,6
W JERSEY ST,148,260,E,07202,6
W JERSEY ST,310,330,E,07202,6
W JERSEY ST,430,430,E,07202,6
W MRAVLAG PL,9,9,O,07201,5
W MRAVLAG PL,20,20,E,07201,6
W MRAVLAG PL,45,45,O,07201,6
W MRAVLAG PL,46,52,E,07201,6
WALNUT ST,310,320,E,07201,5
WALNUT ST,411,475,O,07201,5
WALNUT ST,436,598,E,07201,4
WALNUT ST,513,589,O,07201,5
WALNUT ST,933,953,O,07201,5
WASHINGTON AVE,108,346,E,07202,2
WASHINGTON AVE,111,357,O,07202,2
WASHINGTON AVE,408,420,E,07202,2
WASHINGTON AVE,409,419,O,07202,2
WATERS EDGE LN,183,183,O,07206,1
WATSON AVE,3,25,O,07202,2
WATSON AVE,8,28,E,07202,2
WATSON AVE,35,51,O,07202,2
WATSON AVE,38,60,E,07202,2
WAVERLY PL,1242,1264,E,07208,4
WAVERLY PL,1247,1247,O,07208,4
WAVERLY PL,1249,1261,O,07208,4
WAVERLY PL,1263,1263,O,07208,4
WAVERLY PL,1356,1356,E,07208,4
WESTFIELD AVE,39,163,O,07208,4
WESTFIELD AVE,70,92,E,07208,4
WESTFIELD AVE,102,536,E,07208,3
WESTFIELD AVE,203,435,O,07208,3
WESTFIELD AVE,505,507,O,07208,3
WESTFIELD AVE,509,535,O,07208,3
WESTFIELD AVE,605,925,O,07208,3
WESTFIELD AVE,632,900,E,07208,3
WESTMINSTER AVE,342,460,E,07208,4
WESTMINSTER AVE,405,461,O,07208,4
WESTMINSTER AVE,462,734,E,07208,4
WESTMINSTER AVE,463,711,O,07208,4
WESTMINSTER AVE,737,747,O,07208,4
WESTMINSTER AVE,750,750,E,07208,4
WILDER ST,25,25,O,07208,4
WILDER ST,26,26,E,07208,4
WILDER ST,36,36,E,07208,4
WILLIAM ST,949,961,O,07201,5
WILLIAM ST,950,964,E,07201,5
WILLIAM ST,1009,1093,O,07201,5
WILLIAM ST,1010,1092,E,07201,5
WILLIAMS DR,5,7,O,07202,2
WILLIAMS DR,6,6,E,07202,2
WILLIAMSON ST,225,225,O,07202,6
WILLIAMSON ST,308,344,E,07202,6
WILLIAMSON ST,347,377,O,07202,2
WILLIAMSON ST,350,376,E,07202,2
WILSON TER,1,1,O,07208,3
WILSON TER,5,31,O,07208,3
WILSON TER,8,30,E,07208,3
WINFIELD SCOTT PLZ,10,20,E,07201,6
WINTHROP PL,404,424,E,07208,3
WINTHROP PL,417,421,O,07208,3
WOLSKI DR,1,3,O,07202,2
WOLSKI DR,2,4,E,07202,2
WYOMING AVE,615,749,O,07208,3
WYOMING AVE,618,744,E,07208,3
WYOMING AVE,805,891,O,07208,3
WYOMING AVE,832,890,E,07208,3
